"Kommunenr_2020","Kommunenavn_2020"
3001,"Halden"
3002,"Moss"
3003,"Sarpsborg"
3004,"Fredrikstad"
3011,"Hvaler"
3012,"Aremark"
3013,"Marker"
3026,"Aurskog-høland"
3014,"Indre østfold"
3014,"Indre østfold"
3014,"Indre østfold"
3014,"Indre østfold"
3015,"Skiptvet"
3016,"Rakkestad"
3017,"Råde"
3002,"Moss"
3018,"Våler (viken)"
3014,"Indre østfold"
3019,"Vestby"
3020,"Nordre follo"
3021,"Ås"
3022,"Frogn"
3023,"Nesodden"
3020,"Nordre follo"
3024,"Bærum"
3025,"Asker"
3026,"Aurskog-høland"
3030,"Lillestrøm"
3030,"Lillestrøm"
3027,"Rælingen"
3028,"Enebakk"
3029,"Lørenskog"
3030,"Lillestrøm"
3031,"Nittedal"
3032,"Gjerdrum"
3033,"Ullensaker"
3034,"Nes"
3035,"Eidsvoll"
3036,"Nannestad"
3037,"Hurdal"
"0301","Oslo"
3401,"Kongsvinger"
3403,"Hamar"
3411,"Ringsaker"
3412,"Løten"
3413,"Stange"
3414,"Nord-odal"
3415,"Sør-odal"
3416,"Eidskog"
3417,"Grue"
3418,"Åsnes"
3419,"Våler (innlandet)"
3420,"Elverum"
3421,"Trysil"
3422,"Åmot"
3423,"Stor-elvdal"
3424,"Rendalen"
3425,"Engerdal"
3426,"Tolga"
3427,"Tynset"
3428,"Alvdal"
3429,"Folldal"
3430,"Os (innlandet)"
3405,"Lillehammer"
3407,"Gjøvik"
3431,"Dovre"
3432,"Lesja"
3433,"Skjåk"
3434,"Lom"
3435,"Vågå"
3436,"Nord-fron"
3437,"Sel"
3438,"Sør-fron"
3439,"Ringebu"
3440,"Øyer"
3441,"Gausdal"
3442,"Østre toten"
3443,"Vestre toten"
3053,"Jevnaker"
3054,"Lunner"
3446,"Gran"
3447,"Søndre land"
3448,"Nordre land"
3449,"Sør-aurdal"
3450,"Etnedal"
3451,"Nord-aurdal"
3452,"Vestre slidre"
3453,"Øystre slidre"
3454,"Vang"
3005,"Drammen"
3006,"Kongsberg"
3007,"Ringerike"
3038,"Hole"
3039,"Flå"
3040,"Nesbyen"
3041,"Gol"
3042,"Hemsedal"
3043,"Ål"
3044,"Hol"
3045,"Sigdal"
3046,"Krødsherad"
3047,"Modum"
3048,"Øvre eiker"
3005,"Drammen"
3049,"Lier"
3025,"Asker"
3025,"Asker"
3050,"Flesberg"
3051,"Rollag"
3052,"Nore og uvdal"
3801,"Horten"
3803,"Tønsberg"
3804,"Sandefjord"
3005,"Drammen"
3805,"Larvik"
3802,"Holmestrand"
3802,"Holmestrand"
3803,"Tønsberg"
3811,"Færder"
3806,"Porsgrunn"
3807,"Skien"
3808,"Notodden"
3812,"Siljan"
3813,"Bamble"
3814,"Kragerø"
3815,"Drangedal"
3816,"Nome"
3817,"Midt-telemark"
3817,"Midt-telemark"
3818,"Tinn"
3819,"Hjartdal"
3820,"Seljord"
3821,"Kviteseid"
3822,"Nissedal"
3823,"Fyresdal"
3824,"Tokke"
3825,"Vinje"
4201,"Risør"
4202,"Grimstad"
4203,"Arendal"
4211,"Gjerstad"
4212,"Vegårshei"
4213,"Tvedestrand"
4214,"Froland"
4215,"Lillesand"
4216,"Birkenes"
4217,"Åmli"
4218,"Iveland"
4219,"Evje og hornnes"
4220,"Bygland"
4221,"Valle"
4222,"Bykle"
4204,"Kristiansand"
4205,"Lindesnes"
4206,"Farsund"
4207,"Flekkefjord"
4223,"Vennesla"
4204,"Kristiansand"
4204,"Kristiansand"
4205,"Lindesnes"
4224,"Åseral"
4225,"Lyngdal"
4205,"Lindesnes"
4225,"Lyngdal"
4226,"Hægebostad"
4227,"Kvinesdal"
4228,"Sirdal"
1101,"Eigersund"
1108,"Sandnes"
1103,"Stavanger"
1106,"Haugesund"
1111,"Sokndal"
1112,"Lund"
1114,"Bjerkreim"
1119,"Hå"
1120,"Klepp"
1121,"Time"
1122,"Gjesdal"
1124,"Sola"
1127,"Randaberg"
1108,"Sandnes"
1130,"Strand"
1133,"Hjelmeland"
1134,"Suldal"
1135,"Sauda"
1103,"Stavanger"
1103,"Stavanger"
1144,"Kvitsøy"
1145,"Bokn"
1146,"Tysvær"
1149,"Karmøy"
1151,"Utsira"
1160,"Vindafjord"
4601,"Bergen"
4611,"Etne"
4612,"Sveio"
4613,"Bømlo"
4614,"Stord"
4615,"Fitjar"
4616,"Tysnes"
4617,"Kvinnherad"
4618,"Ullensvang"
4618,"Ullensvang"
4618,"Ullensvang"
4619,"Eidfjord"
4620,"Ulvik"
4621,"Voss"
4621,"Voss"
4622,"Kvam"
4624,"Bjørnafjorden"
4623,"Samnanger"
4624,"Bjørnafjorden"
4625,"Austevoll"
4626,"Øygarden"
4626,"Øygarden"
4627,"Askøy"
4628,"Vaksdal"
4629,"Modalen"
4630,"Osterøy"
4631,"Alver"
4626,"Øygarden"
4631,"Alver"
4631,"Alver"
4632,"Austrheim"
4633,"Fedje"
4634,"Masfjorden"
4602,"Kinn"
4635,"Gulen"
4636,"Solund"
4637,"Hyllestad"
4638,"Høyanger"
4639,"Vik"
4640,"Sogndal"
4640,"Sogndal"
4640,"Sogndal"
4641,"Aurland"
4642,"Lærdal"
4643,"Årdal"
4644,"Luster"
4645,"Askvoll"
4646,"Fjaler"
4647,"Sunnfjord"
4647,"Sunnfjord"
4647,"Sunnfjord"
4647,"Sunnfjord"
4648,"Bremanger"
4602,"Kinn"
4649,"Stad"
4649,"Stad"
1577,"Volda"
4650,"Gloppen"
4651,"Stryn"
1506,"Molde"
1507,"Ålesund"
1505,"Kristiansund"
1511,"Vanylven"
1514,"Sande"
1515,"Herøy"
1516,"Ulstein"
1517,"Hareid"
1577,"Volda"
1520,"Ørsta"
1507,"Ålesund"
1578,"Fjord"
1525,"Stranda"
1578,"Fjord"
1528,"Sykkylven"
1507,"Ålesund"
1531,"Sula"
1532,"Giske"
1507,"Ålesund"
1535,"Vestnes"
1539,"Rauma"
1506,"Molde"
1506,"Molde"
1507,"Ålesund"
1547,"Aukra"
1579,"Hustadvika"
1579,"Hustadvika"
1554,"Averøy"
1557,"Gjemnes"
1560,"Tingvoll"
1563,"Sunndal"
1566,"Surnadal"
5055,"Heim"
1573,"Smøla"
1576,"Aure"
1804,"Bodø"
1806,"Narvik"
1811,"Bindal"
1812,"Sømna"
1813,"Brønnøy"
1815,"Vega"
1816,"Vevelstad"
1818,"Herøy"
1820,"Alstahaug"
1822,"Leirfjord"
1824,"Vefsn"
1825,"Grane"
1826,"Hattfjelldal"
1827,"Dønna"
1828,"Nesna"
1832,"Hemnes"
1833,"Rana"
1834,"Lurøy"
1835,"Træna"
1836,"Rødøy"
1837,"Meløy"
1838,"Gildeskål"
1839,"Beiarn"
1840,"Saltdal"
1841,"Fauske"
1845,"Sørfold"
1848,"Steigen"
1875,"Hamarøy"
1806,"Narvik"
1875,"Hamarøy"
1851,"Lødingen"
5412,"Tjeldsund"
1853,"Evenes"
1806,"Narvik"
1856,"Røst"
1857,"Værøy"
1859,"Flakstad"
1860,"Vestvågøy"
1865,"Vågan"
1866,"Hadsel"
1867,"Bø"
1868,"Øksnes"
1870,"Sortland"
1871,"Andøy"
1874,"Moskenes"
5401,"Tromsø"
5402,"Harstad"
5411,"Kvæfjord"
5412,"Tjeldsund"
5413,"Ibestad"
5414,"Gratangen"
5415,"Lavangen"
5416,"Bardu"
5417,"Salangen"
5418,"Målselv"
5419,"Sørreisa"
5420,"Dyrøy"
5421,"Senja"
5421,"Senja"
5421,"Senja"
5421,"Senja"
5422,"Balsfjord"
5423,"Karlsøy"
5424,"Lyngen"
5425,"Storfjord"
5426,"Kåfjord"
5427,"Skjervøy"
5428,"Nordreisa"
5429,"Kvænangen"
5404,"Vardø"
5405,"Vadsø"
5406,"Hammerfest"
5430,"Kautokeino"
5403,"Alta"
5432,"Loppa"
5433,"Hasvik"
5406,"Hammerfest"
5434,"Måsøy"
5435,"Nordkapp"
5436,"Porsanger"
5437,"Karasjok"
5438,"Lebesby"
5439,"Gamvik"
5440,"Berlevåg"
5441,"Tana"
5442,"Nesseby"
5443,"Båtsfjord"
5444,"Sør-varanger"
5001,"Trondheim"
5006,"Steinkjer"
5007,"Namsos"
5055,"Heim"
5055,"Heim"
5056,"Hitra"
5059,"Orkland"
5056,"Hitra"
5014,"Frøya"
5057,"Ørland"
5059,"Orkland"
5057,"Ørland"
5058,"Åfjord"
5058,"Åfjord"
5020,"Osen"
5021,"Oppdal"
5022,"Rennebu"
5059,"Orkland"
5059,"Orkland"
5025,"Røros"
5026,"Holtålen"
5027,"Midtre gauldal"
5028,"Melhus"
5029,"Skaun"
5001,"Trondheim"
5031,"Malvik"
5032,"Selbu"
5033,"Tydal"
5034,"Meråker"
5035,"Stjørdal"
5036,"Frosta"
5037,"Levanger"
5038,"Verdal"
5006,"Steinkjer"
5007,"Namsos"
5041,"Snåsa"
5042,"Lierne"
5043,"Røyrvik"
5044,"Namsskogan"
5045,"Grong"
5046,"Høylandet"
5047,"Overhalla"
5007,"Namsos"
5049,"Flatanger"
5060,"Nærøysund"
5060,"Nærøysund"
5052,"Leka"
5053,"Inderøy"
5054,"Indre fosen"
5061,"Rindal"
