"Fylkesnavn_2019","Kommunenr_2019","Kommunenavn_2019","Fylkesnr_2020","Fylkesnavn_2020","Kommunenr_2020","Kommunenavn_2020","DVH_regioner_2019","SIFO_regioner_2019","kommune","kommunenummer"
"ØSTFOLD","0101","HALDEN",30,"VIKEN",3001,"HALDEN","Østre Østland DVH","Østre Østland","halden",3001
"ØSTFOLD","0104","MOSS",30,"VIKEN",3002,"MOSS","Østre Østland DVH","Østre Østland","moss",3002
"ØSTFOLD","0105","SARPSBORG",30,"VIKEN",3003,"SARPSBORG","Østre Østland DVH","Østre Østland","sarpsborg",3003
"ØSTFOLD","0106","FREDRIKSTAD",30,"VIKEN",3004,"FREDRIKSTAD","Østre Østland DVH","Østre Østland","fredrikstad",3004
"ØSTFOLD","0111","HVALER",30,"VIKEN",3011,"HVALER","Østre Østland DVH","Østre Østland","hvaler",3011
"ØSTFOLD","0118","AREMARK",30,"VIKEN",3012,"AREMARK","Østre Østland DVH","Østre Østland","aremark",3012
"ØSTFOLD","0119","MARKER",30,"VIKEN",3013,"MARKER","Østre Østland DVH","Østre Østland","marker",3013
"ØSTFOLD","0121","RØMSKOG",30,"VIKEN",3026,"AURSKOG-HØLAND","Østre Østland DVH","Østre Østland","aurskog-høland",3026
"ØSTFOLD","0122","TRØGSTAD",30,"VIKEN",3014,"INDRE ØSTFOLD","Østre Østland DVH","Østre Østland","indre østfold",3014
"ØSTFOLD","0123","SPYDEBERG",30,"VIKEN",3014,"INDRE ØSTFOLD","Østre Østland DVH","Østre Østland","indre østfold",3014
"ØSTFOLD","0124","ASKIM",30,"VIKEN",3014,"INDRE ØSTFOLD","Østre Østland DVH","Østre Østland","indre østfold",3014
"ØSTFOLD","0125","EIDSBERG",30,"VIKEN",3014,"INDRE ØSTFOLD","Østre Østland DVH","Østre Østland","indre østfold",3014
"ØSTFOLD","0127","SKIPTVET",30,"VIKEN",3015,"SKIPTVET","Østre Østland DVH","Østre Østland","skiptvet",3015
"ØSTFOLD","0128","RAKKESTAD",30,"VIKEN",3016,"RAKKESTAD","Østre Østland DVH","Østre Østland","rakkestad",3016
"ØSTFOLD","0135","RÅDE",30,"VIKEN",3017,"RÅDE","Østre Østland DVH","Østre Østland","råde",3017
"ØSTFOLD","0136","RYGGE",30,"VIKEN",3002,"MOSS","Østre Østland DVH","Østre Østland","moss",3002
"ØSTFOLD","0137","VÅLER (ØSTF.)",30,"VIKEN",3018,"VÅLER (VIKEN)","Østre Østland DVH","Østre Østland","våler (viken)",3018
"ØSTFOLD","0138","HOBØL",30,"VIKEN",3014,"INDRE ØSTFOLD","Østre Østland DVH","Østre Østland","indre østfold",3014
"AKERSHUS","0211","VESTBY",30,"VIKEN",3019,"VESTBY","Østre Østland DVH","Østre Østland","vestby",3019
"AKERSHUS","0213","SKI",30,"VIKEN",3020,"NORDRE FOLLO","Østre Østland DVH","Østre Østland","nordre follo",3020
"AKERSHUS","0214","ÅS",30,"VIKEN",3021,"ÅS","Østre Østland DVH","Østre Østland","ås",3021
"AKERSHUS","0215","FROGN",30,"VIKEN",3022,"FROGN","Østre Østland DVH","Østre Østland","frogn",3022
"AKERSHUS","0216","NESODDEN",30,"VIKEN",3023,"NESODDEN","Østre Østland DVH","Østre Østland","nesodden",3023
"AKERSHUS","0217","OPPEGÅRD",30,"VIKEN",3020,"NORDRE FOLLO","Østre Østland DVH","Østre Østland","nordre follo",3020
"AKERSHUS","0219","BÆRUM",30,"VIKEN",3024,"BÆRUM","Østre Østland DVH","Østre Østland","bærum",3024
"AKERSHUS","0220","ASKER",30,"VIKEN",3025,"ASKER","Østre Østland DVH","Østre Østland","asker",3025
"AKERSHUS","0221","AURSKOG-HØLAND",30,"VIKEN",3026,"AURSKOG-HØLAND","Østre Østland DVH","Østre Østland","aurskog-høland",3026
"AKERSHUS","0226","SØRUM",30,"VIKEN",3030,"LILLESTRØM","Østre Østland DVH","Østre Østland","lillestrøm",3030
"AKERSHUS","0227","FET",30,"VIKEN",3030,"LILLESTRØM","Østre Østland DVH","Østre Østland","lillestrøm",3030
"AKERSHUS","0228","RÆLINGEN",30,"VIKEN",3027,"RÆLINGEN","Østre Østland DVH","Østre Østland","rælingen",3027
"AKERSHUS","0229","ENEBAKK",30,"VIKEN",3028,"ENEBAKK","Østre Østland DVH","Østre Østland","enebakk",3028
"AKERSHUS","0230","LØRENSKOG",30,"VIKEN",3029,"LØRENSKOG","Østre Østland DVH","Østre Østland","lørenskog",3029
"AKERSHUS","0231","SKEDSMO",30,"VIKEN",3030,"LILLESTRØM","Østre Østland DVH","Østre Østland","lillestrøm",3030
"AKERSHUS","0233","NITTEDAL",30,"VIKEN",3031,"NITTEDAL","Østre Østland DVH","Østre Østland","nittedal",3031
"AKERSHUS","0234","GJERDRUM",30,"VIKEN",3032,"GJERDRUM","Østre Østland DVH","Østre Østland","gjerdrum",3032
"AKERSHUS","0235","ULLENSAKER",30,"VIKEN",3033,"ULLENSAKER","Østre Østland DVH","Østre Østland","ullensaker",3033
"AKERSHUS","0236","NES (AKERSHUS)",30,"VIKEN",3034,"NES","Østre Østland DVH","Østre Østland","nes",3034
"AKERSHUS","0237","EIDSVOLL",30,"VIKEN",3035,"EIDSVOLL","Østre Østland DVH","Østre Østland","eidsvoll",3035
"AKERSHUS","0238","NANNESTAD",30,"VIKEN",3036,"NANNESTAD","Østre Østland DVH","Østre Østland","nannestad",3036
"AKERSHUS","0239","HURDAL",30,"VIKEN",3037,"HURDAL","Østre Østland DVH","Østre Østland","hurdal",3037
"OSLO","0301","OSLO","03","OSLO","0301","OSLO","Oslo DVH","Oslo","oslo","0301"
"HEDMARK","0402","KONGSVINGER",34,"INNLANDET",3401,"KONGSVINGER","Østre Østland DVH","Østre Østland","kongsvinger",3401
"HEDMARK","0403","HAMAR",34,"INNLANDET",3403,"HAMAR","Østre Østland DVH","Østre Østland","hamar",3403
"HEDMARK","0412","RINGSAKER",34,"INNLANDET",3411,"RINGSAKER","Østre Østland DVH","Østre Østland","ringsaker",3411
"HEDMARK","0415","LØTEN",34,"INNLANDET",3412,"LØTEN","Østre Østland DVH","Østre Østland","løten",3412
"HEDMARK","0417","STANGE",34,"INNLANDET",3413,"STANGE","Østre Østland DVH","Østre Østland","stange",3413
"HEDMARK","0418","NORD-ODAL",34,"INNLANDET",3414,"NORD-ODAL","Østre Østland DVH","Østre Østland","nord-odal",3414
"HEDMARK","0419","SØR-ODAL",34,"INNLANDET",3415,"SØR-ODAL","Østre Østland DVH","Østre Østland","sør-odal",3415
"HEDMARK","0420","EIDSKOG",34,"INNLANDET",3416,"EIDSKOG","Østre Østland DVH","Østre Østland","eidskog",3416
"HEDMARK","0423","GRUE",34,"INNLANDET",3417,"GRUE","Østre Østland DVH","Østre Østland","grue",3417
"HEDMARK","0425","ÅSNES",34,"INNLANDET",3418,"ÅSNES","Østre Østland DVH","Østre Østland","åsnes",3418
"HEDMARK","0426","VÅLER (HEDM.)",34,"INNLANDET",3419,"VÅLER (INNLANDET)","Østre Østland DVH","Østre Østland","våler (innlandet)",3419
"HEDMARK","0427","ELVERUM",34,"INNLANDET",3420,"ELVERUM","Østre Østland DVH","Østre Østland","elverum",3420
"HEDMARK","0428","TRYSIL",34,"INNLANDET",3421,"TRYSIL","Østre Østland DVH","Østre Østland","trysil",3421
"HEDMARK","0429","ÅMOT",34,"INNLANDET",3422,"ÅMOT","Østre Østland DVH","Østre Østland","åmot",3422
"HEDMARK","0430","STOR-ELVDAL",34,"INNLANDET",3423,"STOR-ELVDAL","Østre Østland DVH","Østre Østland","stor-elvdal",3423
"HEDMARK","0432","RENDALEN",34,"INNLANDET",3424,"RENDALEN","Østre Østland DVH","Østre Østland","rendalen",3424
"HEDMARK","0434","ENGERDAL",34,"INNLANDET",3425,"ENGERDAL","Østre Østland DVH","Østre Østland","engerdal",3425
"HEDMARK","0436","TOLGA",34,"INNLANDET",3426,"TOLGA","Østre Østland DVH","Østre Østland","tolga",3426
"HEDMARK","0437","TYNSET",34,"INNLANDET",3427,"TYNSET","Østre Østland DVH","Østre Østland","tynset",3427
"HEDMARK","0438","ALVDAL",34,"INNLANDET",3428,"ALVDAL","Østre Østland DVH","Østre Østland","alvdal",3428
"HEDMARK","0439","FOLLDAL",34,"INNLANDET",3429,"FOLLDAL","Østre Østland DVH","Østre Østland","folldal",3429
"HEDMARK","0441","OS (HEDM.)",34,"INNLANDET",3430,"OS (INNLANDET)","Østre Østland DVH","Østre Østland","os (innlandet)",3430
"OPPLAND","0501","LILLEHAMMER",34,"INNLANDET",3405,"LILLEHAMMER","Østre Østland DVH","Østre Østland","lillehammer",3405
"OPPLAND","0502","GJØVIK",34,"INNLANDET",3407,"GJØVIK","Østre Østland DVH","Østre Østland","gjøvik",3407
"OPPLAND","0511","DOVRE",34,"INNLANDET",3431,"DOVRE","Østre Østland DVH","Østre Østland","dovre",3431
"OPPLAND","0512","LESJA",34,"INNLANDET",3432,"LESJA","Østre Østland DVH","Østre Østland","lesja",3432
"OPPLAND","0513","SKJÅK",34,"INNLANDET",3433,"SKJÅK","Østre Østland DVH","Østre Østland","skjåk",3433
"OPPLAND","0514","LOM",34,"INNLANDET",3434,"LOM","Østre Østland DVH","Østre Østland","lom",3434
"OPPLAND","0515","VÅGÅ",34,"INNLANDET",3435,"VÅGÅ","Østre Østland DVH","Østre Østland","vågå",3435
"OPPLAND","0516","NORD-FRON",34,"INNLANDET",3436,"NORD-FRON","Østre Østland DVH","Østre Østland","nord-fron",3436
"OPPLAND","0517","SEL",34,"INNLANDET",3437,"SEL","Østre Østland DVH","Østre Østland","sel",3437
"OPPLAND","0519","SØR-FRON",34,"INNLANDET",3438,"SØR-FRON","Østre Østland DVH","Østre Østland","sør-fron",3438
"OPPLAND","0520","RINGEBU",34,"INNLANDET",3439,"RINGEBU","Østre Østland DVH","Østre Østland","ringebu",3439
"OPPLAND","0521","ØYER",34,"INNLANDET",3440,"ØYER","Østre Østland DVH","Østre Østland","øyer",3440
"OPPLAND","0522","GAUSDAL",34,"INNLANDET",3441,"GAUSDAL","Østre Østland DVH","Østre Østland","gausdal",3441
"OPPLAND","0528","ØSTRE TOTEN",34,"INNLANDET",3442,"ØSTRE TOTEN","Østre Østland DVH","Østre Østland","østre toten",3442
"OPPLAND","0529","VESTRE TOTEN",34,"INNLANDET",3443,"VESTRE TOTEN","Østre Østland DVH","Østre Østland","vestre toten",3443
"OPPLAND","0532","JEVNAKER",30,"VIKEN",3053,"JEVNAKER","Østre Østland DVH","Østre Østland","jevnaker",3053
"OPPLAND","0533","LUNNER",30,"VIKEN",3054,"LUNNER","Østre Østland DVH","Østre Østland","lunner",3054
"OPPLAND","0534","GRAN",34,"INNLANDET",3446,"GRAN","Østre Østland DVH","Østre Østland","gran",3446
"OPPLAND","0536","SØNDRE LAND",34,"INNLANDET",3447,"SØNDRE LAND","Østre Østland DVH","Østre Østland","søndre land",3447
"OPPLAND","0538","NORDRE LAND",34,"INNLANDET",3448,"NORDRE LAND","Østre Østland DVH","Østre Østland","nordre land",3448
"OPPLAND","0540","SØR-AURDAL",34,"INNLANDET",3449,"SØR-AURDAL","Østre Østland DVH","Østre Østland","sør-aurdal",3449
"OPPLAND","0541","ETNEDAL",34,"INNLANDET",3450,"ETNEDAL","Østre Østland DVH","Østre Østland","etnedal",3450
"OPPLAND","0542","NORD-AURDAL",34,"INNLANDET",3451,"NORD-AURDAL","Østre Østland DVH","Østre Østland","nord-aurdal",3451
"OPPLAND","0543","VESTRE SLIDRE",34,"INNLANDET",3452,"VESTRE SLIDRE","Østre Østland DVH","Østre Østland","vestre slidre",3452
"OPPLAND","0544","ØYSTRE SLIDRE",34,"INNLANDET",3453,"ØYSTRE SLIDRE","Østre Østland DVH","Østre Østland","øystre slidre",3453
"OPPLAND","0545","VANG",34,"INNLANDET",3454,"VANG","Østre Østland DVH","Østre Østland","vang",3454
"BUSKERUD","0602","DRAMMEN",30,"VIKEN",3005,"DRAMMEN","Vestre Østland DVH","Vestre Østland","drammen",3005
"BUSKERUD","0604","KONGSBERG",30,"VIKEN",3006,"KONGSBERG","Vestre Østland DVH","Vestre Østland","kongsberg",3006
"BUSKERUD","0605","RINGERIKE",30,"VIKEN",3007,"RINGERIKE","Vestre Østland DVH","Vestre Østland","ringerike",3007
"BUSKERUD","0612","HOLE",30,"VIKEN",3038,"HOLE","Vestre Østland DVH","Vestre Østland","hole",3038
"BUSKERUD","0615","FLÅ",30,"VIKEN",3039,"FLÅ","Vestre Østland DVH","Vestre Østland","flå",3039
"BUSKERUD","0616","NES (BUSK.)",30,"VIKEN",3040,"NESBYEN","Vestre Østland DVH","Vestre Østland","nesbyen",3040
"BUSKERUD","0617","GOL",30,"VIKEN",3041,"GOL","Vestre Østland DVH","Vestre Østland","gol",3041
"BUSKERUD","0618","HEMSEDAL",30,"VIKEN",3042,"HEMSEDAL","Vestre Østland DVH","Vestre Østland","hemsedal",3042
"BUSKERUD","0619","ÅL",30,"VIKEN",3043,"ÅL","Vestre Østland DVH","Vestre Østland","ål",3043
"BUSKERUD","0620","HOL",30,"VIKEN",3044,"HOL","Vestre Østland DVH","Vestre Østland","hol",3044
"BUSKERUD","0621","SIGDAL",30,"VIKEN",3045,"SIGDAL","Vestre Østland DVH","Vestre Østland","sigdal",3045
"BUSKERUD","0622","KRØDSHERAD",30,"VIKEN",3046,"KRØDSHERAD","Vestre Østland DVH","Vestre Østland","krødsherad",3046
"BUSKERUD","0623","MODUM",30,"VIKEN",3047,"MODUM","Vestre Østland DVH","Vestre Østland","modum",3047
"BUSKERUD","0624","ØVRE EIKER",30,"VIKEN",3048,"ØVRE EIKER","Vestre Østland DVH","Vestre Østland","øvre eiker",3048
"BUSKERUD","0625","NEDRE EIKER",30,"VIKEN",3005,"DRAMMEN","Vestre Østland DVH","Vestre Østland","drammen",3005
"BUSKERUD","0626","LIER",30,"VIKEN",3049,"LIER","Vestre Østland DVH","Vestre Østland","lier",3049
"BUSKERUD","0627","RØYKEN",30,"VIKEN",3025,"ASKER","Vestre Østland DVH","Vestre Østland","asker",3025
"BUSKERUD","0628","HURUM",30,"VIKEN",3025,"ASKER","Vestre Østland DVH","Vestre Østland","asker",3025
"BUSKERUD","0631","FLESBERG",30,"VIKEN",3050,"FLESBERG","Vestre Østland DVH","Vestre Østland","flesberg",3050
"BUSKERUD","0632","ROLLAG",30,"VIKEN",3051,"ROLLAG","Vestre Østland DVH","Vestre Østland","rollag",3051
"BUSKERUD","0633","NORE OG UVDAL",30,"VIKEN",3052,"NORE OG UVDAL","Vestre Østland DVH","Vestre Østland","nore og uvdal",3052
"VESTFOLD","0701","HORTEN",38,"VESTFOLD OG TELEMARK",3801,"HORTEN","Vestre Østland DVH","Vestre Østland","horten",3801
"VESTFOLD","0704","TØNSBERG",38,"VESTFOLD OG TELEMARK",3803,"TØNSBERG","Vestre Østland DVH","Vestre Østland","tønsberg",3803
"VESTFOLD","0710","SANDEFJORD",38,"VESTFOLD OG TELEMARK",3804,"SANDEFJORD","Vestre Østland DVH","Vestre Østland","sandefjord",3804
"VESTFOLD","0711","SVELVIK",30,"VIKEN",3005,"DRAMMEN","Vestre Østland DVH","Vestre Østland","drammen",3005
"VESTFOLD","0712","LARVIK",38,"VESTFOLD OG TELEMARK",3805,"LARVIK","Vestre Østland DVH","Vestre Østland","larvik",3805
"VESTFOLD","0713","SANDE (VESTF.)",38,"VESTFOLD OG TELEMARK",3802,"HOLMESTRAND","Vestre Østland DVH","Vestre Østland","holmestrand",3802
"VESTFOLD","0715","HOLMESTRAND",38,"VESTFOLD OG TELEMARK",3802,"HOLMESTRAND","Vestre Østland DVH","Vestre Østland","holmestrand",3802
"VESTFOLD","0716","RE",38,"VESTFOLD OG TELEMARK",3803,"TØNSBERG","Vestre Østland DVH","Vestre Østland","tønsberg",3803
"VESTFOLD","0729","FÆRDER",38,"VESTFOLD OG TELEMARK",3811,"FÆRDER","Vestre Østland DVH","Vestre Østland","færder",3811
"TELEMARK","0805","PORSGRUNN",38,"VESTFOLD OG TELEMARK",3806,"PORSGRUNN","Vestre Østland DVH","Vestre Østland","porsgrunn",3806
"TELEMARK","0806","SKIEN",38,"VESTFOLD OG TELEMARK",3807,"SKIEN","Vestre Østland DVH","Vestre Østland","skien",3807
"TELEMARK","0807","NOTODDEN",38,"VESTFOLD OG TELEMARK",3808,"NOTODDEN","Vestre Østland DVH","Vestre Østland","notodden",3808
"TELEMARK","0811","SILJAN",38,"VESTFOLD OG TELEMARK",3812,"SILJAN","Vestre Østland DVH","Vestre Østland","siljan",3812
"TELEMARK","0814","BAMBLE",38,"VESTFOLD OG TELEMARK",3813,"BAMBLE","Vestre Østland DVH","Vestre Østland","bamble",3813
"TELEMARK","0815","KRAGERØ",38,"VESTFOLD OG TELEMARK",3814,"KRAGERØ","Vestre Østland DVH","Vestre Østland","kragerø",3814
"TELEMARK","0817","DRANGEDAL",38,"VESTFOLD OG TELEMARK",3815,"DRANGEDAL","Vestre Østland DVH","Vestre Østland","drangedal",3815
"TELEMARK","0819","NOME",38,"VESTFOLD OG TELEMARK",3816,"NOME","Vestre Østland DVH","Vestre Østland","nome",3816
"TELEMARK","0821","BØ (TELEM.)",38,"VESTFOLD OG TELEMARK",3817,"MIDT-TELEMARK","Vestre Østland DVH","Vestre Østland","midt-telemark",3817
"TELEMARK","0822","SAUHERAD",38,"VESTFOLD OG TELEMARK",3817,"MIDT-TELEMARK","Vestre Østland DVH","Vestre Østland","midt-telemark",3817
"TELEMARK","0826","TINN",38,"VESTFOLD OG TELEMARK",3818,"TINN","Vestre Østland DVH","Vestre Østland","tinn",3818
"TELEMARK","0827","HJARTDAL",38,"VESTFOLD OG TELEMARK",3819,"HJARTDAL","Vestre Østland DVH","Vestre Østland","hjartdal",3819
"TELEMARK","0828","SELJORD",38,"VESTFOLD OG TELEMARK",3820,"SELJORD","Vestre Østland DVH","Vestre Østland","seljord",3820
"TELEMARK","0829","KVITESEID",38,"VESTFOLD OG TELEMARK",3821,"KVITESEID","Vestre Østland DVH","Vestre Østland","kviteseid",3821
"TELEMARK","0830","NISSEDAL",38,"VESTFOLD OG TELEMARK",3822,"NISSEDAL","Vestre Østland DVH","Vestre Østland","nissedal",3822
"TELEMARK","0831","FYRESDAL",38,"VESTFOLD OG TELEMARK",3823,"FYRESDAL","Vestre Østland DVH","Vestre Østland","fyresdal",3823
"TELEMARK","0833","TOKKE",38,"VESTFOLD OG TELEMARK",3824,"TOKKE","Vestre Østland DVH","Vestre Østland","tokke",3824
"TELEMARK","0834","VINJE",38,"VESTFOLD OG TELEMARK",3825,"VINJE","Vestre Østland DVH","Vestre Østland","vinje",3825
"AUST-AGDER","0901","RISØR",42,"AGDER",4201,"RISØR","Vest Norge DVH","Vestre Østland","risør",4201
"AUST-AGDER","0904","GRIMSTAD",42,"AGDER",4202,"GRIMSTAD","Vest Norge DVH","Vestre Østland","grimstad",4202
"AUST-AGDER","0906","ARENDAL",42,"AGDER",4203,"ARENDAL","Vest Norge DVH","Vestre Østland","arendal",4203
"AUST-AGDER","0911","GJERSTAD",42,"AGDER",4211,"GJERSTAD","Vest Norge DVH","Vestre Østland","gjerstad",4211
"AUST-AGDER","0912","VEGÅRSHEI",42,"AGDER",4212,"VEGÅRSHEI","Vest Norge DVH","Vestre Østland","vegårshei",4212
"AUST-AGDER","0914","TVEDESTRAND",42,"AGDER",4213,"TVEDESTRAND","Vest Norge DVH","Vestre Østland","tvedestrand",4213
"AUST-AGDER","0919","FROLAND",42,"AGDER",4214,"FROLAND","Vest Norge DVH","Vestre Østland","froland",4214
"AUST-AGDER","0926","LILLESAND",42,"AGDER",4215,"LILLESAND","Vest Norge DVH","Vestre Østland","lillesand",4215
"AUST-AGDER","0928","BIRKENES",42,"AGDER",4216,"BIRKENES","Vest Norge DVH","Vestre Østland","birkenes",4216
"AUST-AGDER","0929","ÅMLI",42,"AGDER",4217,"ÅMLI","Vest Norge DVH","Vestre Østland","åmli",4217
"AUST-AGDER","0935","IVELAND",42,"AGDER",4218,"IVELAND","Vest Norge DVH","Vestre Østland","iveland",4218
"AUST-AGDER","0937","EVJE OG HORNNES",42,"AGDER",4219,"EVJE OG HORNNES","Vest Norge DVH","Vestre Østland","evje og hornnes",4219
"AUST-AGDER","0938","BYGLAND",42,"AGDER",4220,"BYGLAND","Vest Norge DVH","Vestre Østland","bygland",4220
"AUST-AGDER","0940","VALLE",42,"AGDER",4221,"VALLE","Vest Norge DVH","Vestre Østland","valle",4221
"AUST-AGDER","0941","BYKLE",42,"AGDER",4222,"BYKLE","Vest Norge DVH","Vestre Østland","bykle",4222
"VEST-AGDER",1001,"KRISTIANSAND",42,"AGDER",4204,"KRISTIANSAND","Vest Norge DVH","Vestre Østland","kristiansand",4204
"VEST-AGDER",1002,"MANDAL",42,"AGDER",4205,"LINDESNES","Vest Norge DVH","Vestre Østland","lindesnes",4205
"VEST-AGDER",1003,"FARSUND",42,"AGDER",4206,"FARSUND","Vest Norge DVH","Vestre Østland","farsund",4206
"VEST-AGDER",1004,"FLEKKEFJORD",42,"AGDER",4207,"FLEKKEFJORD","Vest Norge DVH","Vestre Østland","flekkefjord",4207
"VEST-AGDER",1014,"VENNESLA",42,"AGDER",4223,"VENNESLA","Vest Norge DVH","Vestre Østland","vennesla",4223
"VEST-AGDER",1017,"SONGDALEN",42,"AGDER",4204,"KRISTIANSAND","Vest Norge DVH","Vestre Østland","kristiansand",4204
"VEST-AGDER",1018,"SØGNE",42,"AGDER",4204,"KRISTIANSAND","Vest Norge DVH","Vestre Østland","kristiansand",4204
"VEST-AGDER",1021,"MARNARDAL",42,"AGDER",4205,"LINDESNES","Vest Norge DVH","Vestre Østland","lindesnes",4205
"VEST-AGDER",1026,"ÅSERAL",42,"AGDER",4224,"ÅSERAL","Vest Norge DVH","Vestre Østland","åseral",4224
"VEST-AGDER",1027,"AUDNEDAL",42,"AGDER",4225,"LYNGDAL","Vest Norge DVH","Vestre Østland","lyngdal",4225
"VEST-AGDER",1029,"LINDESNES",42,"AGDER",4205,"LINDESNES","Vest Norge DVH","Vestre Østland","lindesnes",4205
"VEST-AGDER",1032,"LYNGDAL",42,"AGDER",4225,"LYNGDAL","Vest Norge DVH","Vestre Østland","lyngdal",4225
"VEST-AGDER",1034,"HÆGEBOSTAD",42,"AGDER",4226,"HÆGEBOSTAD","Vest Norge DVH","Vestre Østland","hægebostad",4226
"VEST-AGDER",1037,"KVINESDAL",42,"AGDER",4227,"KVINESDAL","Vest Norge DVH","Vestre Østland","kvinesdal",4227
"VEST-AGDER",1046,"SIRDAL",42,"AGDER",4228,"SIRDAL","Vest Norge DVH","Vestre Østland","sirdal",4228
"ROGALAND",1101,"EIGERSUND",11,"ROGALAND",1101,"EIGERSUND","Vest Norge DVH","Vestlandet","eigersund",1101
"ROGALAND",1102,"SANDNES",11,"ROGALAND",1108,"SANDNES","Vest Norge DVH","Vestlandet","sandnes",1108
"ROGALAND",1103,"STAVANGER",11,"ROGALAND",1103,"STAVANGER","Vest Norge DVH","Vestlandet","stavanger",1103
"ROGALAND",1106,"HAUGESUND",11,"ROGALAND",1106,"HAUGESUND","Vest Norge DVH","Vestlandet","haugesund",1106
"ROGALAND",1111,"SOKNDAL",11,"ROGALAND",1111,"SOKNDAL","Vest Norge DVH","Vestlandet","sokndal",1111
"ROGALAND",1112,"LUND",11,"ROGALAND",1112,"LUND","Vest Norge DVH","Vestlandet","lund",1112
"ROGALAND",1114,"BJERKREIM",11,"ROGALAND",1114,"BJERKREIM","Vest Norge DVH","Vestlandet","bjerkreim",1114
"ROGALAND",1119,"HÅ",11,"ROGALAND",1119,"HÅ","Vest Norge DVH","Vestlandet","hå",1119
"ROGALAND",1120,"KLEPP",11,"ROGALAND",1120,"KLEPP","Vest Norge DVH","Vestlandet","klepp",1120
"ROGALAND",1121,"TIME",11,"ROGALAND",1121,"TIME","Vest Norge DVH","Vestlandet","time",1121
"ROGALAND",1122,"GJESDAL",11,"ROGALAND",1122,"GJESDAL","Vest Norge DVH","Vestlandet","gjesdal",1122
"ROGALAND",1124,"SOLA",11,"ROGALAND",1124,"SOLA","Vest Norge DVH","Vestlandet","sola",1124
"ROGALAND",1127,"RANDABERG",11,"ROGALAND",1127,"RANDABERG","Vest Norge DVH","Vestlandet","randaberg",1127
"ROGALAND",1129,"FORSAND",11,"ROGALAND",1108,"SANDNES","Vest Norge DVH","Vestlandet","sandnes",1108
"ROGALAND",1130,"STRAND",11,"ROGALAND",1130,"STRAND","Vest Norge DVH","Vestlandet","strand",1130
"ROGALAND",1133,"HJELMELAND",11,"ROGALAND",1133,"HJELMELAND","Vest Norge DVH","Vestlandet","hjelmeland",1133
"ROGALAND",1134,"SULDAL",11,"ROGALAND",1134,"SULDAL","Vest Norge DVH","Vestlandet","suldal",1134
"ROGALAND",1135,"SAUDA",11,"ROGALAND",1135,"SAUDA","Vest Norge DVH","Vestlandet","sauda",1135
"ROGALAND",1141,"FINNØY",11,"ROGALAND",1103,"STAVANGER","Vest Norge DVH","Vestlandet","stavanger",1103
"ROGALAND",1142,"RENNESØY",11,"ROGALAND",1103,"STAVANGER","Vest Norge DVH","Vestlandet","stavanger",1103
"ROGALAND",1144,"KVITSØY",11,"ROGALAND",1144,"KVITSØY","Vest Norge DVH","Vestlandet","kvitsøy",1144
"ROGALAND",1145,"BOKN",11,"ROGALAND",1145,"BOKN","Vest Norge DVH","Vestlandet","bokn",1145
"ROGALAND",1146,"TYSVÆR",11,"ROGALAND",1146,"TYSVÆR","Vest Norge DVH","Vestlandet","tysvær",1146
"ROGALAND",1149,"KARMØY",11,"ROGALAND",1149,"KARMØY","Vest Norge DVH","Vestlandet","karmøy",1149
"ROGALAND",1151,"UTSIRA",11,"ROGALAND",1151,"UTSIRA","Vest Norge DVH","Vestlandet","utsira",1151
"ROGALAND",1160,"VINDAFJORD",11,"ROGALAND",1160,"VINDAFJORD","Vest Norge DVH","Vestlandet","vindafjord",1160
"HORDALAND",1201,"BERGEN",46,"VESTLAND",4601,"BERGEN","Vest Norge DVH","Vestlandet","bergen",4601
"HORDALAND",1211,"ETNE",46,"VESTLAND",4611,"ETNE","Vest Norge DVH","Vestlandet","etne",4611
"HORDALAND",1216,"SVEIO",46,"VESTLAND",4612,"SVEIO","Vest Norge DVH","Vestlandet","sveio",4612
"HORDALAND",1219,"BØMLO",46,"VESTLAND",4613,"BØMLO","Vest Norge DVH","Vestlandet","bømlo",4613
"HORDALAND",1221,"STORD",46,"VESTLAND",4614,"STORD","Vest Norge DVH","Vestlandet","stord",4614
"HORDALAND",1222,"FITJAR",46,"VESTLAND",4615,"FITJAR","Vest Norge DVH","Vestlandet","fitjar",4615
"HORDALAND",1223,"TYSNES",46,"VESTLAND",4616,"TYSNES","Vest Norge DVH","Vestlandet","tysnes",4616
"HORDALAND",1224,"KVINNHERAD",46,"VESTLAND",4617,"KVINNHERAD","Vest Norge DVH","Vestlandet","kvinnherad",4617
"HORDALAND",1227,"JONDAL",46,"VESTLAND",4618,"ULLENSVANG","Vest Norge DVH","Vestlandet","ullensvang",4618
"HORDALAND",1228,"ODDA",46,"VESTLAND",4618,"ULLENSVANG","Vest Norge DVH","Vestlandet","ullensvang",4618
"HORDALAND",1231,"ULLENSVANG",46,"VESTLAND",4618,"ULLENSVANG","Vest Norge DVH","Vestlandet","ullensvang",4618
"HORDALAND",1232,"EIDFJORD",46,"VESTLAND",4619,"EIDFJORD","Vest Norge DVH","Vestlandet","eidfjord",4619
"HORDALAND",1233,"ULVIK",46,"VESTLAND",4620,"ULVIK","Vest Norge DVH","Vestlandet","ulvik",4620
"HORDALAND",1234,"GRANVIN",46,"VESTLAND",4621,"VOSS","Vest Norge DVH","Vestlandet","voss",4621
"HORDALAND",1235,"VOSS",46,"VESTLAND",4621,"VOSS","Vest Norge DVH","Vestlandet","voss",4621
"HORDALAND",1238,"KVAM",46,"VESTLAND",4622,"KVAM","Vest Norge DVH","Vestlandet","kvam",4622
"HORDALAND",1241,"FUSA",46,"VESTLAND",4624,"BJØRNAFJORDEN","Vest Norge DVH","Vestlandet","bjørnafjorden",4624
"HORDALAND",1242,"SAMNANGER",46,"VESTLAND",4623,"SAMNANGER","Vest Norge DVH","Vestlandet","samnanger",4623
"HORDALAND",1243,"OS (HORDALAND)",46,"VESTLAND",4624,"BJØRNAFJORDEN","Vest Norge DVH","Vestlandet","bjørnafjorden",4624
"HORDALAND",1244,"AUSTEVOLL",46,"VESTLAND",4625,"AUSTEVOLL","Vest Norge DVH","Vestlandet","austevoll",4625
"HORDALAND",1245,"SUND",46,"VESTLAND",4626,"ØYGARDEN","Vest Norge DVH","Vestlandet","øygarden",4626
"HORDALAND",1246,"FJELL",46,"VESTLAND",4626,"ØYGARDEN","Vest Norge DVH","Vestlandet","øygarden",4626
"HORDALAND",1247,"ASKØY",46,"VESTLAND",4627,"ASKØY","Vest Norge DVH","Vestlandet","askøy",4627
"HORDALAND",1251,"VAKSDAL",46,"VESTLAND",4628,"VAKSDAL","Vest Norge DVH","Vestlandet","vaksdal",4628
"HORDALAND",1252,"MODALEN",46,"VESTLAND",4629,"MODALEN","Vest Norge DVH","Vestlandet","modalen",4629
"HORDALAND",1253,"OSTERØY",46,"VESTLAND",4630,"OSTERØY","Vest Norge DVH","Vestlandet","osterøy",4630
"HORDALAND",1256,"MELAND",46,"VESTLAND",4631,"ALVER","Vest Norge DVH","Vestlandet","alver",4631
"HORDALAND",1259,"ØYGARDEN",46,"VESTLAND",4626,"ØYGARDEN","Vest Norge DVH","Vestlandet","øygarden",4626
"HORDALAND",1260,"RADØY",46,"VESTLAND",4631,"ALVER","Vest Norge DVH","Vestlandet","alver",4631
"HORDALAND",1263,"LINDÅS",46,"VESTLAND",4631,"ALVER","Vest Norge DVH","Vestlandet","alver",4631
"HORDALAND",1264,"AUSTRHEIM",46,"VESTLAND",4632,"AUSTRHEIM","Vest Norge DVH","Vestlandet","austrheim",4632
"HORDALAND",1265,"FEDJE",46,"VESTLAND",4633,"FEDJE","Vest Norge DVH","Vestlandet","fedje",4633
"HORDALAND",1266,"MASFJORDEN",46,"VESTLAND",4634,"MASFJORDEN","Vest Norge DVH","Vestlandet","masfjorden",4634
"SOGN OG FJORDANE",1401,"FLORA",46,"VESTLAND",4602,"KINN","Vest Norge DVH","Vestlandet","kinn",4602
"SOGN OG FJORDANE",1411,"GULEN",46,"VESTLAND",4635,"GULEN","Vest Norge DVH","Vestlandet","gulen",4635
"SOGN OG FJORDANE",1412,"SOLUND",46,"VESTLAND",4636,"SOLUND","Vest Norge DVH","Vestlandet","solund",4636
"SOGN OG FJORDANE",1413,"HYLLESTAD",46,"VESTLAND",4637,"HYLLESTAD","Vest Norge DVH","Vestlandet","hyllestad",4637
"SOGN OG FJORDANE",1416,"HØYANGER",46,"VESTLAND",4638,"HØYANGER","Vest Norge DVH","Vestlandet","høyanger",4638
"SOGN OG FJORDANE",1417,"VIK",46,"VESTLAND",4639,"VIK","Vest Norge DVH","Vestlandet","vik",4639
"SOGN OG FJORDANE",1418,"BALESTRAND",46,"VESTLAND",4640,"SOGNDAL","Vest Norge DVH","Vestlandet","sogndal",4640
"SOGN OG FJORDANE",1419,"LEIKANGER",46,"VESTLAND",4640,"SOGNDAL","Vest Norge DVH","Vestlandet","sogndal",4640
"SOGN OG FJORDANE",1420,"SOGNDAL",46,"VESTLAND",4640,"SOGNDAL","Vest Norge DVH","Vestlandet","sogndal",4640
"SOGN OG FJORDANE",1421,"AURLAND",46,"VESTLAND",4641,"AURLAND","Vest Norge DVH","Vestlandet","aurland",4641
"SOGN OG FJORDANE",1422,"LÆRDAL",46,"VESTLAND",4642,"LÆRDAL","Vest Norge DVH","Vestlandet","lærdal",4642
"SOGN OG FJORDANE",1424,"ÅRDAL",46,"VESTLAND",4643,"ÅRDAL","Vest Norge DVH","Vestlandet","årdal",4643
"SOGN OG FJORDANE",1426,"LUSTER",46,"VESTLAND",4644,"LUSTER","Vest Norge DVH","Vestlandet","luster",4644
"SOGN OG FJORDANE",1428,"ASKVOLL",46,"VESTLAND",4645,"ASKVOLL","Vest Norge DVH","Vestlandet","askvoll",4645
"SOGN OG FJORDANE",1429,"FJALER",46,"VESTLAND",4646,"FJALER","Vest Norge DVH","Vestlandet","fjaler",4646
"SOGN OG FJORDANE",1430,"GAULAR",46,"VESTLAND",4647,"SUNNFJORD","Vest Norge DVH","Vestlandet","sunnfjord",4647
"SOGN OG FJORDANE",1431,"JØLSTER",46,"VESTLAND",4647,"SUNNFJORD","Vest Norge DVH","Vestlandet","sunnfjord",4647
"SOGN OG FJORDANE",1432,"FØRDE",46,"VESTLAND",4647,"SUNNFJORD","Vest Norge DVH","Vestlandet","sunnfjord",4647
"SOGN OG FJORDANE",1433,"NAUSTDAL",46,"VESTLAND",4647,"SUNNFJORD","Vest Norge DVH","Vestlandet","sunnfjord",4647
"SOGN OG FJORDANE",1438,"BREMANGER",46,"VESTLAND",4648,"BREMANGER","Vest Norge DVH","Vestlandet","bremanger",4648
"SOGN OG FJORDANE",1439,"VÅGSØY",46,"VESTLAND",4602,"KINN","Vest Norge DVH","Vestlandet","kinn",4602
"SOGN OG FJORDANE",1441,"SELJE",46,"VESTLAND",4649,"STAD","Vest Norge DVH","Vestlandet","stad",4649
"SOGN OG FJORDANE",1443,"EID",46,"VESTLAND",4649,"STAD","Vest Norge DVH","Vestlandet","stad",4649
"SOGN OG FJORDANE",1444,"HORNINDAL",15,"MØRE OG ROMSDAL",1577,"VOLDA","Vest Norge DVH","Vestlandet","volda",1577
"SOGN OG FJORDANE",1445,"GLOPPEN",46,"VESTLAND",4650,"GLOPPEN","Vest Norge DVH","Vestlandet","gloppen",4650
"SOGN OG FJORDANE",1449,"STRYN",46,"VESTLAND",4651,"STRYN","Vest Norge DVH","Vestlandet","stryn",4651
"MØRE OG ROMSDAL",1502,"MOLDE",15,"MØRE OG ROMSDAL",1506,"MOLDE","Midt Norge DVH","Midt-Norge","molde",1506
"MØRE OG ROMSDAL",1504,"ÅLESUND",15,"MØRE OG ROMSDAL",1507,"ÅLESUND","Midt Norge DVH","Midt-Norge","ålesund",1507
"MØRE OG ROMSDAL",1505,"KRISTIANSUND",15,"MØRE OG ROMSDAL",1505,"KRISTIANSUND","Midt Norge DVH","Midt-Norge","kristiansund",1505
"MØRE OG ROMSDAL",1511,"VANYLVEN",15,"MØRE OG ROMSDAL",1511,"VANYLVEN","Midt Norge DVH","Midt-Norge","vanylven",1511
"MØRE OG ROMSDAL",1514,"SANDE",15,"MØRE OG ROMSDAL",1514,"SANDE","Midt Norge DVH","Midt-Norge","sande",1514
"MØRE OG ROMSDAL",1515,"HERØY",15,"MØRE OG ROMSDAL",1515,"HERØY","Midt Norge DVH","Midt-Norge","HERØY (MØRE OG ROMSDAL)",1515
"MØRE OG ROMSDAL",1516,"ULSTEIN",15,"MØRE OG ROMSDAL",1516,"ULSTEIN","Midt Norge DVH","Midt-Norge","ulstein",1516
"MØRE OG ROMSDAL",1517,"HAREID",15,"MØRE OG ROMSDAL",1517,"HAREID","Midt Norge DVH","Midt-Norge","hareid",1517
"MØRE OG ROMSDAL",1519,"VOLDA",15,"MØRE OG ROMSDAL",1577,"VOLDA","Midt Norge DVH","Midt-Norge","volda",1577
"MØRE OG ROMSDAL",1520,"ØRSTA",15,"MØRE OG ROMSDAL",1520,"ØRSTA","Midt Norge DVH","Midt-Norge","ørsta",1520
"MØRE OG ROMSDAL",1523,"ØRSKOG",15,"MØRE OG ROMSDAL",1507,"ÅLESUND","Midt Norge DVH","Midt-Norge","ålesund",1507
"MØRE OG ROMSDAL",1524,"NORDDAL",15,"MØRE OG ROMSDAL",1578,"FJORD","Midt Norge DVH","Midt-Norge","fjord",1578
"MØRE OG ROMSDAL",1525,"STRANDA",15,"MØRE OG ROMSDAL",1525,"STRANDA","Midt Norge DVH","Midt-Norge","stranda",1525
"MØRE OG ROMSDAL",1526,"STORDAL",15,"MØRE OG ROMSDAL",1578,"FJORD","Midt Norge DVH","Midt-Norge","fjord",1578
"MØRE OG ROMSDAL",1528,"SYKKYLVEN",15,"MØRE OG ROMSDAL",1528,"SYKKYLVEN","Midt Norge DVH","Midt-Norge","sykkylven",1528
"MØRE OG ROMSDAL",1529,"SKODJE",15,"MØRE OG ROMSDAL",1507,"ÅLESUND","Midt Norge DVH","Midt-Norge","ålesund",1507
"MØRE OG ROMSDAL",1531,"SULA",15,"MØRE OG ROMSDAL",1531,"SULA","Midt Norge DVH","Midt-Norge","sula",1531
"MØRE OG ROMSDAL",1532,"GISKE",15,"MØRE OG ROMSDAL",1532,"GISKE","Midt Norge DVH","Midt-Norge","giske",1532
"MØRE OG ROMSDAL",1534,"HARAM",15,"MØRE OG ROMSDAL",1507,"ÅLESUND","Midt Norge DVH","Midt-Norge","ålesund",1507
"MØRE OG ROMSDAL",1535,"VESTNES",15,"MØRE OG ROMSDAL",1535,"VESTNES","Midt Norge DVH","Midt-Norge","vestnes",1535
"MØRE OG ROMSDAL",1539,"RAUMA",15,"MØRE OG ROMSDAL",1539,"RAUMA","Midt Norge DVH","Midt-Norge","rauma",1539
"MØRE OG ROMSDAL",1543,"NESSET",15,"MØRE OG ROMSDAL",1506,"MOLDE","Midt Norge DVH","Midt-Norge","molde",1506
"MØRE OG ROMSDAL",1545,"MIDSUND",15,"MØRE OG ROMSDAL",1506,"MOLDE","Midt Norge DVH","Midt-Norge","molde",1506
"MØRE OG ROMSDAL",1546,"SANDØY",15,"MØRE OG ROMSDAL",1507,"ÅLESUND","Midt Norge DVH","Midt-Norge","ålesund",1507
"MØRE OG ROMSDAL",1547,"AUKRA",15,"MØRE OG ROMSDAL",1547,"AUKRA","Midt Norge DVH","Midt-Norge","aukra",1547
"MØRE OG ROMSDAL",1548,"FRÆNA",15,"MØRE OG ROMSDAL",1579,"HUSTADVIKA","Midt Norge DVH","Midt-Norge","hustadvika",1579
"MØRE OG ROMSDAL",1551,"EIDE",15,"MØRE OG ROMSDAL",1579,"HUSTADVIKA","Midt Norge DVH","Midt-Norge","hustadvika",1579
"MØRE OG ROMSDAL",1554,"AVERØY",15,"MØRE OG ROMSDAL",1554,"AVERØY","Midt Norge DVH","Midt-Norge","averøy",1554
"MØRE OG ROMSDAL",1557,"GJEMNES",15,"MØRE OG ROMSDAL",1557,"GJEMNES","Midt Norge DVH","Midt-Norge","gjemnes",1557
"MØRE OG ROMSDAL",1560,"TINGVOLL",15,"MØRE OG ROMSDAL",1560,"TINGVOLL","Midt Norge DVH","Midt-Norge","tingvoll",1560
"MØRE OG ROMSDAL",1563,"SUNNDAL",15,"MØRE OG ROMSDAL",1563,"SUNNDAL","Midt Norge DVH","Midt-Norge","sunndal",1563
"MØRE OG ROMSDAL",1566,"SURNADAL",15,"MØRE OG ROMSDAL",1566,"SURNADAL","Midt Norge DVH","Midt-Norge","surnadal",1566
"MØRE OG ROMSDAL",1571,"HALSA",50,"TRØNDELAG",5055,"HEIM","Midt Norge DVH","Midt-Norge","heim",5055
"MØRE OG ROMSDAL",1573,"SMØLA",15,"MØRE OG ROMSDAL",1573,"SMØLA","Midt Norge DVH","Midt-Norge","smøla",1573
"MØRE OG ROMSDAL",1576,"AURE",15,"MØRE OG ROMSDAL",1576,"AURE","Midt Norge DVH","Midt-Norge","aure",1576
"NORDLAND",1804,"BODØ",18,"NORDLAND",1804,"BODØ","Nord Norge DVH","Nord-Norge","bodø",1804
"NORDLAND",1805,"NARVIK",18,"NORDLAND",1806,"NARVIK","Nord Norge DVH","Nord-Norge","narvik",1806
"NORDLAND",1811,"BINDAL",18,"NORDLAND",1811,"BINDAL","Nord Norge DVH","Nord-Norge","bindal",1811
"NORDLAND",1812,"SØMNA",18,"NORDLAND",1812,"SØMNA","Nord Norge DVH","Nord-Norge","sømna",1812
"NORDLAND",1813,"BRØNNØY",18,"NORDLAND",1813,"BRØNNØY","Nord Norge DVH","Nord-Norge","brønnøy",1813
"NORDLAND",1815,"VEGA",18,"NORDLAND",1815,"VEGA","Nord Norge DVH","Nord-Norge","vega",1815
"NORDLAND",1816,"VEVELSTAD",18,"NORDLAND",1816,"VEVELSTAD","Nord Norge DVH","Nord-Norge","vevelstad",1816
"NORDLAND",1818,"HERØY",18,"NORDLAND",1818,"HERØY","Nord Norge DVH","Nord-Norge","HERØY (NORDLAND)",1818
"NORDLAND",1820,"ALSTAHAUG",18,"NORDLAND",1820,"ALSTAHAUG","Nord Norge DVH","Nord-Norge","alstahaug",1820
"NORDLAND",1822,"LEIRFJORD",18,"NORDLAND",1822,"LEIRFJORD","Nord Norge DVH","Nord-Norge","leirfjord",1822
"NORDLAND",1824,"VEFSN",18,"NORDLAND",1824,"VEFSN","Nord Norge DVH","Nord-Norge","vefsn",1824
"NORDLAND",1825,"GRANE",18,"NORDLAND",1825,"GRANE","Nord Norge DVH","Nord-Norge","grane",1825
"NORDLAND",1826,"HATTFJELLDAL",18,"NORDLAND",1826,"HATTFJELLDAL","Nord Norge DVH","Nord-Norge","aarborte-hattfjelldal",1826
"NORDLAND",1827,"DØNNA",18,"NORDLAND",1827,"DØNNA","Nord Norge DVH","Nord-Norge","dønna",1827
"NORDLAND",1828,"NESNA",18,"NORDLAND",1828,"NESNA","Nord Norge DVH","Nord-Norge","nesna",1828
"NORDLAND",1832,"HEMNES",18,"NORDLAND",1832,"HEMNES","Nord Norge DVH","Nord-Norge","hemnes",1832
"NORDLAND",1833,"RANA",18,"NORDLAND",1833,"RANA","Nord Norge DVH","Nord-Norge","rana",1833
"NORDLAND",1834,"LURØY",18,"NORDLAND",1834,"LURØY","Nord Norge DVH","Nord-Norge","lurøy",1834
"NORDLAND",1835,"TRÆNA",18,"NORDLAND",1835,"TRÆNA","Nord Norge DVH","Nord-Norge","træna",1835
"NORDLAND",1836,"RØDØY",18,"NORDLAND",1836,"RØDØY","Nord Norge DVH","Nord-Norge","rødøy",1836
"NORDLAND",1837,"MELØY",18,"NORDLAND",1837,"MELØY","Nord Norge DVH","Nord-Norge","meløy",1837
"NORDLAND",1838,"GILDESKÅL",18,"NORDLAND",1838,"GILDESKÅL","Nord Norge DVH","Nord-Norge","gildeskål",1838
"NORDLAND",1839,"BEIARN",18,"NORDLAND",1839,"BEIARN","Nord Norge DVH","Nord-Norge","beiarn",1839
"NORDLAND",1840,"SALTDAL",18,"NORDLAND",1840,"SALTDAL","Nord Norge DVH","Nord-Norge","saltdal",1840
"NORDLAND",1841,"FAUSKE",18,"NORDLAND",1841,"FAUSKE","Nord Norge DVH","Nord-Norge","fauske-fuossko",1841
"NORDLAND",1845,"SØRFOLD",18,"NORDLAND",1845,"SØRFOLD","Nord Norge DVH","Nord-Norge","sørfold",1845
"NORDLAND",1848,"STEIGEN",18,"NORDLAND",1848,"STEIGEN","Nord Norge DVH","Nord-Norge","steigen",1848
"NORDLAND",1849,"HAMARØY",18,"NORDLAND",1875,"HAMARØY","Nord Norge DVH","Nord-Norge","habmer-hamaroy",1875
"NORDLAND",1850,"TYSFJORD (DELES)",18,"NORDLAND",1806,"NARVIK","Nord Norge DVH","Nord-Norge","narvik",1806
"NORDLAND",1850,"TYSFJORD (DELES)",18,"NORDLAND",1875,"HAMARØY","Nord Norge DVH","Nord-Norge","habmer-hamaroy",1875
"NORDLAND",1851,"LØDINGEN",18,"NORDLAND",1851,"LØDINGEN","Nord Norge DVH","Nord-Norge","lødingen",1851
"NORDLAND",1852,"TJELDSUND",54,"TROMS OG FINNMARK",5412,"TJELDSUND","Nord Norge DVH","Nord-Norge","dielddanuorri-tjeldsund",5412
"NORDLAND",1853,"EVENES",18,"NORDLAND",1853,"EVENES","Nord Norge DVH","Nord-Norge","evenes",1853
"NORDLAND",1854,"BALLANGEN",18,"NORDLAND",1806,"NARVIK","Nord Norge DVH","Nord-Norge","narvik",1806
"NORDLAND",1856,"RØST",18,"NORDLAND",1856,"RØST","Nord Norge DVH","Nord-Norge","røst",1856
"NORDLAND",1857,"VÆRØY",18,"NORDLAND",1857,"VÆRØY","Nord Norge DVH","Nord-Norge","værøy",1857
"NORDLAND",1859,"FLAKSTAD",18,"NORDLAND",1859,"FLAKSTAD","Nord Norge DVH","Nord-Norge","flakstad",1859
"NORDLAND",1860,"VESTVÅGØY",18,"NORDLAND",1860,"VESTVÅGØY","Nord Norge DVH","Nord-Norge","vestvågøy",1860
"NORDLAND",1865,"VÅGAN",18,"NORDLAND",1865,"VÅGAN","Nord Norge DVH","Nord-Norge","vågan",1865
"NORDLAND",1866,"HADSEL",18,"NORDLAND",1866,"HADSEL","Nord Norge DVH","Nord-Norge","hadsel",1866
"NORDLAND",1867,"BØ",18,"NORDLAND",1867,"BØ","Nord Norge DVH","Nord-Norge","bø",1867
"NORDLAND",1868,"ØKSNES",18,"NORDLAND",1868,"ØKSNES","Nord Norge DVH","Nord-Norge","øksnes",1868
"NORDLAND",1870,"SORTLAND",18,"NORDLAND",1870,"SORTLAND","Nord Norge DVH","Nord-Norge","sortland-suorta",1870
"NORDLAND",1871,"ANDØY",18,"NORDLAND",1871,"ANDØY","Nord Norge DVH","Nord-Norge","andøy",1871
"NORDLAND",1874,"MOSKENES",18,"NORDLAND",1874,"MOSKENES","Nord Norge DVH","Nord-Norge","moskenes",1874
"TROMS",1902,"TROMSØ",54,"TROMS OG FINNMARK",5401,"TROMSØ","Nord Norge DVH","Nord-Norge","tromsø",5401
"TROMS",1903,"HARSTAD",54,"TROMS OG FINNMARK",5402,"HARSTAD","Nord Norge DVH","Nord-Norge","harstad-harsttak",5402
"TROMS",1911,"KVÆFJORD",54,"TROMS OG FINNMARK",5411,"KVÆFJORD","Nord Norge DVH","Nord-Norge","kvæfjord",5411
"TROMS",1913,"SKÅNLAND",54,"TROMS OG FINNMARK",5412,"TJELDSUND","Nord Norge DVH","Nord-Norge","dielddanuorri-tjeldsund",5412
"TROMS",1917,"IBESTAD",54,"TROMS OG FINNMARK",5413,"IBESTAD","Nord Norge DVH","Nord-Norge","ibestad",5413
"TROMS",1919,"GRATANGEN",54,"TROMS OG FINNMARK",5414,"GRATANGEN","Nord Norge DVH","Nord-Norge","gratangen",5414
"TROMS",1920,"LAVANGEN",54,"TROMS OG FINNMARK",5415,"LAVANGEN","Nord Norge DVH","Nord-Norge","loabak-lavangen",5415
"TROMS",1922,"BARDU",54,"TROMS OG FINNMARK",5416,"BARDU","Nord Norge DVH","Nord-Norge","bardu",5416
"TROMS",1923,"SALANGEN",54,"TROMS OG FINNMARK",5417,"SALANGEN","Nord Norge DVH","Nord-Norge","salangen",5417
"TROMS",1924,"MÅLSELV",54,"TROMS OG FINNMARK",5418,"MÅLSELV","Nord Norge DVH","Nord-Norge","målselv",5418
"TROMS",1925,"SØRREISA",54,"TROMS OG FINNMARK",5419,"SØRREISA","Nord Norge DVH","Nord-Norge","sørreisa",5419
"TROMS",1926,"DYRØY",54,"TROMS OG FINNMARK",5420,"DYRØY","Nord Norge DVH","Nord-Norge","dyrøy",5420
"TROMS",1927,"TRANØY",54,"TROMS OG FINNMARK",5421,"SENJA","Nord Norge DVH","Nord-Norge","senja",5421
"TROMS",1928,"TORSKEN",54,"TROMS OG FINNMARK",5421,"SENJA","Nord Norge DVH","Nord-Norge","senja",5421
"TROMS",1929,"BERG",54,"TROMS OG FINNMARK",5421,"SENJA","Nord Norge DVH","Nord-Norge","senja",5421
"TROMS",1931,"LENVIK",54,"TROMS OG FINNMARK",5421,"SENJA","Nord Norge DVH","Nord-Norge","senja",5421
"TROMS",1933,"BALSFJORD",54,"TROMS OG FINNMARK",5422,"BALSFJORD","Nord Norge DVH","Nord-Norge","balsfjord",5422
"TROMS",1936,"KARLSØY",54,"TROMS OG FINNMARK",5423,"KARLSØY","Nord Norge DVH","Nord-Norge","karlsøy",5423
"TROMS",1938,"LYNGEN",54,"TROMS OG FINNMARK",5424,"LYNGEN","Nord Norge DVH","Nord-Norge","lyngen",5424
"TROMS",1939,"STORFJORD",54,"TROMS OG FINNMARK",5425,"STORFJORD","Nord Norge DVH","Nord-Norge","storfjord-omasvuotna-omasvuono",5425
"TROMS",1940,"KÅFJORD",54,"TROMS OG FINNMARK",5426,"KÅFJORD","Nord Norge DVH","Nord-Norge","gaivuotna-kafjord-kaivuono",5426
"TROMS",1941,"SKJERVØY",54,"TROMS OG FINNMARK",5427,"SKJERVØY","Nord Norge DVH","Nord-Norge","skjervøy",5427
"TROMS",1942,"NORDREISA",54,"TROMS OG FINNMARK",5428,"NORDREISA","Nord Norge DVH","Nord-Norge","nordreisa-raisa-raisi",5428
"TROMS",1943,"KVÆNANGEN",54,"TROMS OG FINNMARK",5429,"KVÆNANGEN","Nord Norge DVH","Nord-Norge","kvænangen",5429
"FINNMARK",2002,"VARDØ",54,"TROMS OG FINNMARK",5404,"VARDØ","Nord Norge DVH","Nord-Norge","vardø",5404
"FINNMARK",2003,"VADSØ",54,"TROMS OG FINNMARK",5405,"VADSØ","Nord Norge DVH","Nord-Norge","vadsø",5405
"FINNMARK",2004,"HAMMERFEST",54,"TROMS OG FINNMARK",5406,"HAMMERFEST","Nord Norge DVH","Nord-Norge","hammerfest-hammerfeasta",5406
"FINNMARK",2011,"KAUTOKEINO",54,"TROMS OG FINNMARK",5430,"KAUTOKEINO","Nord Norge DVH","Nord-Norge","guovdageaidnu-kautokeino",5430
"FINNMARK",2012,"ALTA",54,"TROMS OG FINNMARK",5403,"ALTA","Nord Norge DVH","Nord-Norge","alta",5403
"FINNMARK",2014,"LOPPA",54,"TROMS OG FINNMARK",5432,"LOPPA","Nord Norge DVH","Nord-Norge","loppa",5432
"FINNMARK",2015,"HASVIK",54,"TROMS OG FINNMARK",5433,"HASVIK","Nord Norge DVH","Nord-Norge","hasvik",5433
"FINNMARK",2017,"KVALSUND",54,"TROMS OG FINNMARK",5406,"HAMMERFEST","Nord Norge DVH","Nord-Norge","hammerfest-hammerfeasta",5406
"FINNMARK",2018,"MÅSØY",54,"TROMS OG FINNMARK",5434,"MÅSØY","Nord Norge DVH","Nord-Norge","måsøy",5434
"FINNMARK",2019,"NORDKAPP",54,"TROMS OG FINNMARK",5435,"NORDKAPP","Nord Norge DVH","Nord-Norge","nordkapp",5435
"FINNMARK",2020,"PORSANGER",54,"TROMS OG FINNMARK",5436,"PORSANGER","Nord Norge DVH","Nord-Norge","porsanger-porsagu-porsanki",5436
"FINNMARK",2021,"KARASJOK",54,"TROMS OG FINNMARK",5437,"KARASJOK","Nord Norge DVH","Nord-Norge","karasjohka-karasjok",5437
"FINNMARK",2022,"LEBESBY",54,"TROMS OG FINNMARK",5438,"LEBESBY","Nord Norge DVH","Nord-Norge","lebesby",5438
"FINNMARK",2023,"GAMVIK",54,"TROMS OG FINNMARK",5439,"GAMVIK","Nord Norge DVH","Nord-Norge","gamvik",5439
"FINNMARK",2024,"BERLEVÅG",54,"TROMS OG FINNMARK",5440,"BERLEVÅG","Nord Norge DVH","Nord-Norge","berlevåg",5440
"FINNMARK",2025,"TANA",54,"TROMS OG FINNMARK",5441,"TANA","Nord Norge DVH","Nord-Norge","deatnu-tana",5441
"FINNMARK",2027,"NESSEBY",54,"TROMS OG FINNMARK",5442,"NESSEBY","Nord Norge DVH","Nord-Norge","unjarga-nesseby",5442
"FINNMARK",2028,"BÅTSFJORD",54,"TROMS OG FINNMARK",5443,"BÅTSFJORD","Nord Norge DVH","Nord-Norge","båtsfjord",5443
"FINNMARK",2030,"SØR-VARANGER",54,"TROMS OG FINNMARK",5444,"SØR-VARANGER","Nord Norge DVH","Nord-Norge","sør-varanger",5444
"TRØNDELAG",5001,"TRONDHEIM",50,"TRØNDELAG",5001,"TRONDHEIM","Midt Norge DVH","Midt-Norge","trondheim",5001
"TRØNDELAG",5004,"STEINKJER",50,"TRØNDELAG",5006,"STEINKJER","Midt Norge DVH","Midt-Norge","steinkjer",5006
"TRØNDELAG",5005,"NAMSOS",50,"TRØNDELAG",5007,"NAMSOS","Midt Norge DVH","Midt-Norge","namsos-naavmesjenjaelmie",5007
"TRØNDELAG",5011,"HEMNE",50,"TRØNDELAG",5055,"HEIM","Midt Norge DVH","Midt-Norge","heim",5055
"TRØNDELAG",5012,"SNILLFJORD (DELES)",50,"TRØNDELAG",5055,"HEIM","Midt Norge DVH","Midt-Norge","heim",5055
"TRØNDELAG",5012,"SNILLFJORD (DELES)",50,"TRØNDELAG",5056,"HITRA","Midt Norge DVH","Midt-Norge","hitra",5056
"TRØNDELAG",5012,"SNILLFJORD (DELES)",50,"TRØNDELAG",5059,"ORKLAND","Midt Norge DVH","Midt-Norge","orkland",5059
"TRØNDELAG",5013,"HITRA",50,"TRØNDELAG",5056,"HITRA","Midt Norge DVH","Midt-Norge","hitra",5056
"TRØNDELAG",5014,"FRØYA",50,"TRØNDELAG",5014,"FRØYA","Midt Norge DVH","Midt-Norge","frøya",5014
"TRØNDELAG",5015,"ØRLAND",50,"TRØNDELAG",5057,"ØRLAND","Midt Norge DVH","Midt-Norge","ørland",5057
"TRØNDELAG",5016,"AGDENES",50,"TRØNDELAG",5059,"ORKLAND","Midt Norge DVH","Midt-Norge","orkland",5059
"TRØNDELAG",5017,"BJUGN",50,"TRØNDELAG",5057,"ØRLAND","Midt Norge DVH","Midt-Norge","ørland",5057
"TRØNDELAG",5018,"ÅFJORD",50,"TRØNDELAG",5058,"ÅFJORD","Midt Norge DVH","Midt-Norge","åfjord",5058
"TRØNDELAG",5019,"ROAN",50,"TRØNDELAG",5058,"ÅFJORD","Midt Norge DVH","Midt-Norge","åfjord",5058
"TRØNDELAG",5020,"OSEN",50,"TRØNDELAG",5020,"OSEN","Midt Norge DVH","Midt-Norge","osen",5020
"TRØNDELAG",5021,"OPPDAL",50,"TRØNDELAG",5021,"OPPDAL","Midt Norge DVH","Midt-Norge","oppdal",5021
"TRØNDELAG",5022,"RENNEBU",50,"TRØNDELAG",5022,"RENNEBU","Midt Norge DVH","Midt-Norge","rennebu",5022
"TRØNDELAG",5023,"MELDAL",50,"TRØNDELAG",5059,"ORKLAND","Midt Norge DVH","Midt-Norge","orkland",5059
"TRØNDELAG",5024,"ORKDAL",50,"TRØNDELAG",5059,"ORKLAND","Midt Norge DVH","Midt-Norge","orkland",5059
"TRØNDELAG",5025,"RØROS",50,"TRØNDELAG",5025,"RØROS","Midt Norge DVH","Midt-Norge","røros",5025
"TRØNDELAG",5026,"HOLTÅLEN",50,"TRØNDELAG",5026,"HOLTÅLEN","Midt Norge DVH","Midt-Norge","holtålen",5026
"TRØNDELAG",5027,"MIDTRE GAULDAL",50,"TRØNDELAG",5027,"MIDTRE GAULDAL","Midt Norge DVH","Midt-Norge","midtre gauldal",5027
"TRØNDELAG",5028,"MELHUS",50,"TRØNDELAG",5028,"MELHUS","Midt Norge DVH","Midt-Norge","melhus",5028
"TRØNDELAG",5029,"SKAUN",50,"TRØNDELAG",5029,"SKAUN","Midt Norge DVH","Midt-Norge","skaun",5029
"TRØNDELAG",5030,"KLÆBU",50,"TRØNDELAG",5001,"TRONDHEIM","Midt Norge DVH","Midt-Norge","trondheim",5001
"TRØNDELAG",5031,"MALVIK",50,"TRØNDELAG",5031,"MALVIK","Midt Norge DVH","Midt-Norge","malvik",5031
"TRØNDELAG",5032,"SELBU",50,"TRØNDELAG",5032,"SELBU","Midt Norge DVH","Midt-Norge","selbu",5032
"TRØNDELAG",5033,"TYDAL",50,"TRØNDELAG",5033,"TYDAL","Midt Norge DVH","Midt-Norge","tydal",5033
"TRØNDELAG",5034,"MERÅKER",50,"TRØNDELAG",5034,"MERÅKER","Midt Norge DVH","Midt-Norge","meråker",5034
"TRØNDELAG",5035,"STJØRDAL",50,"TRØNDELAG",5035,"STJØRDAL","Midt Norge DVH","Midt-Norge","stjørdal",5035
"TRØNDELAG",5036,"FROSTA",50,"TRØNDELAG",5036,"FROSTA","Midt Norge DVH","Midt-Norge","frosta",5036
"TRØNDELAG",5037,"LEVANGER",50,"TRØNDELAG",5037,"LEVANGER","Midt Norge DVH","Midt-Norge","levanger",5037
"TRØNDELAG",5038,"VERDAL",50,"TRØNDELAG",5038,"VERDAL","Midt Norge DVH","Midt-Norge","verdal",5038
"TRØNDELAG",5039,"VERRAN",50,"TRØNDELAG",5006,"STEINKJER","Midt Norge DVH","Midt-Norge","steinkjer",5006
"TRØNDELAG",5040,"NAMDALSEID",50,"TRØNDELAG",5007,"NAMSOS","Midt Norge DVH","Midt-Norge","namsos-naavmesjenjaelmie",5007
"TRØNDELAG",5041,"SNÅSA",50,"TRØNDELAG",5041,"SNÅSA","Midt Norge DVH","Midt-Norge","snaase-snasa",5041
"TRØNDELAG",5042,"LIERNE",50,"TRØNDELAG",5042,"LIERNE","Midt Norge DVH","Midt-Norge","lierne",5042
"TRØNDELAG",5043,"RØYRVIK",50,"TRØNDELAG",5043,"RØYRVIK","Midt Norge DVH","Midt-Norge","raarvihke-royrvik",5043
"TRØNDELAG",5044,"NAMSSKOGAN",50,"TRØNDELAG",5044,"NAMSSKOGAN","Midt Norge DVH","Midt-Norge","namsskogan",5044
"TRØNDELAG",5045,"GRONG",50,"TRØNDELAG",5045,"GRONG","Midt Norge DVH","Midt-Norge","grong",5045
"TRØNDELAG",5046,"HØYLANDET",50,"TRØNDELAG",5046,"HØYLANDET","Midt Norge DVH","Midt-Norge","høylandet",5046
"TRØNDELAG",5047,"OVERHALLA",50,"TRØNDELAG",5047,"OVERHALLA","Midt Norge DVH","Midt-Norge","overhalla",5047
"TRØNDELAG",5048,"FOSNES",50,"TRØNDELAG",5007,"NAMSOS","Midt Norge DVH","Midt-Norge","namsos-naavmesjenjaelmie",5007
"TRØNDELAG",5049,"FLATANGER",50,"TRØNDELAG",5049,"FLATANGER","Midt Norge DVH","Midt-Norge","flatanger",5049
"TRØNDELAG",5050,"VIKNA",50,"TRØNDELAG",5060,"NÆRØYSUND","Midt Norge DVH","Midt-Norge","nærøysund",5060
"TRØNDELAG",5051,"NÆRØY",50,"TRØNDELAG",5060,"NÆRØYSUND","Midt Norge DVH","Midt-Norge","nærøysund",5060
"TRØNDELAG",5052,"LEKA",50,"TRØNDELAG",5052,"LEKA","Midt Norge DVH","Midt-Norge","leka",5052
"TRØNDELAG",5053,"INDERØY",50,"TRØNDELAG",5053,"INDERØY","Midt Norge DVH","Midt-Norge","inderøy",5053
"TRØNDELAG",5054,"INDRE FOSEN",50,"TRØNDELAG",5054,"INDRE FOSEN","Midt Norge DVH","Midt-Norge","indre fosen",5054
"TRØNDELAG",5061,"RINDAL",50,"TRØNDELAG",5061,"RINDAL","Midt Norge DVH","Midt-Norge","rindal",5061
